mention1	mention2	sieve
1	4	resolvepronouns
1	5	resolvepronouns
6	7	precise:relpronoun
1	8	resolvepronouns
1	9	resolvepronouns
2	10	resolvepronouns
1	11	resolvepronouns
1	12	resolvepronouns
7	14	resolvepronouns
13	15	resolvepronouns
15	16	resolvepronouns
6	18	stringmatch
19	21	stringmatch
17	23	resolvepronouns
718	24	strictheadmatch:5
17	25	resolvepronouns
1	26	resolvepronouns
3	27	resolvepronouns
3	28	resolvepronouns
29	30	resolvepronouns
29	33	resolvepronouns
29	35	resolvepronouns
2384	37	strictheadmatch:7
37	38	precise:relpronoun
36	39	resolvepronouns
1	40	resolvepronouns
19	43	stringmatch:relaxed
1	44	resolvepronouns
6	45	stringmatch
1	46	resolvepronouns
46	47	precise:reciprocal
3	48	resolvepronouns
32	49	stringmatch
32	51	stringmatch
51	52	resolvepronouns
52	58	resolvepronouns
52	60	resolvepronouns
1	61	resolvepronouns
1	62	resolvepronouns
1	63	resolvepronouns
34	64	strictheadmatch:5
64	66	resolvepronouns
36	67	strictheadmatch:5
67	69	resolvepronouns
67	71	resolvepronouns
67	74	resolvepronouns
37	76	strictheadmatch:5
76	77	precise:relpronoun
78	79	precise:predicative
1	80	resolvepronouns
1	81	resolvepronouns
6	83	stringmatch
3	85	resolvepronouns
1	86	resolvepronouns
1	89	resolvepronouns
32	90	stringmatch
6	91	stringmatch
76	92	stringmatch
95	96	precise:relpronoun
91	97	resolvepronouns
29	99	resolvepronouns
1	100	resolvepronouns
29	105	resolvepronouns
1	106	resolvepronouns
1	109	resolvepronouns
112	113	stringmatch
64	115	stringmatch
115	116	resolvepronouns
116	119	resolvepronouns
3	120	resolvepronouns
32	122	stringmatch
122	123	resolvepronouns
1	127	resolvepronouns
6	128	stringmatch
73	129	stringmatch:relaxed
128	130	resolvepronouns
57	131	stringmatch
128	132	resolvepronouns
1	135	resolvepronouns
128	138	strictheadmatch:7
1	139	resolvepronouns
1	141	resolvepronouns
133	142	stringmatch
140	144	stringmatch
144	145	precise:relpronoun
32	147	stringmatch
6	149	stringmatch
64	150	stringmatch
131	151	resolvepronouns
151	156	resolvepronouns
2384	157	strictheadmatch:7
157	158	precise:relpronoun
133	159	stringmatch:relaxed
162	161	precise:predicative
6	162	stringmatch
133	163	stringmatch
161	164	resolvepronouns
160	167	stringmatch
164	168	resolvepronouns
3	169	resolvepronouns
3	170	resolvepronouns
1	171	resolvepronouns
6	172	stringmatch
3	173	resolvepronouns
2479	175	strictheadmatch:5
6	177	stringmatch
177	179	resolvepronouns
177	181	resolvepronouns
19	182	stringmatch
183	184	resolvepronouns
177	185	resolvepronouns
1	187	resolvepronouns
1	188	resolvepronouns
1	191	resolvepronouns
3	193	resolvepronouns
64	195	stringmatch
195	196	precise:relpronoun
133	197	stringmatch
1	201	resolvepronouns
194	202	stringmatch
1	205	resolvepronouns
209	211	resolvepronouns
1	212	resolvepronouns
1	213	resolvepronouns
209	214	strictheadmatch:5
29	215	resolvepronouns
6	217	stringmatch
84	218	stringmatch
3	222	resolvepronouns
3	224	resolvepronouns
29	226	resolvepronouns
2384	227	strictheadmatch:7
227	228	precise:relpronoun
29	229	resolvepronouns
29	231	resolvepronouns
206	232	stringmatch:relaxed
29	236	resolvepronouns
227	237	strictheadmatch:5
1	238	resolvepronouns
64	239	stringmatch
6	240	stringmatch
240	242	resolvepronouns
1	243	resolvepronouns
240	244	resolvepronouns
1	245	resolvepronouns
3	246	resolvepronouns
240	247	resolvepronouns
1	249	resolvepronouns
1	251	resolvepronouns
194	252	stringmatch
1	253	resolvepronouns
190	254	stringmatch
1	255	resolvepronouns
1	256	resolvepronouns
6	257	stringmatch
32	258	stringmatch
254	259	precise:relpronoun
1	260	resolvepronouns
2384	261	strictheadmatch:7
1	262	resolvepronouns
1	263	resolvepronouns
64	264	stringmatch
42	266	stringmatch
264	267	resolvepronouns
267	268	precise:reflexive
6	269	stringmatch
1	271	resolvepronouns
140	273	stringmatch
1	274	resolvepronouns
274	275	precise:reciprocal
140	276	stringmatch
276	279	resolvepronouns
280	282	precise:predicative
140	285	stringmatch
284	286	resolvepronouns
284	287	resolvepronouns
3	288	resolvepronouns
3	289	resolvepronouns
287	291	resolvepronouns
3	293	resolvepronouns
64	295	stringmatch
140	296	stringmatch
295	297	resolvepronouns
294	298	resolvepronouns
64	303	stringmatch
304	306	resolvepronouns
301	307	stringmatch
3	311	resolvepronouns
303	312	resolvepronouns
140	313	stringmatch
140	314	stringmatch
314	315	resolvepronouns
64	317	stringmatch
301	319	stringmatch
304	321	strictheadmatch:5
64	322	stringmatch
322	323	precise:reflexive
526	324	strictheadmatch:6
322	325	resolvepronouns
322	326	resolvepronouns
327	330	resolvepronouns
194	331	stringmatch
6	332	stringmatch
332	333	precise:predicative
332	334	resolvepronouns
84	335	stringmatch
32	336	stringmatch
1	338	resolvepronouns
3	339	resolvepronouns
3	340	resolvepronouns
1978	343	strictheadmatch:7
64	344	stringmatch
344	349	resolvepronouns
73	350	stringmatch
349	351	resolvepronouns
29	353	resolvepronouns
278	354	strictheadmatch:5
355	356	precise:predicative
29	358	resolvepronouns
29	360	resolvepronouns
29	363	resolvepronouns
6	364	stringmatch
2384	365	strictheadmatch:7
365	366	precise:reflexive
3	368	resolvepronouns
3	370	resolvepronouns
290	371	strictheadmatch:5
371	372	resolvepronouns
3	373	resolvepronouns
3	374	resolvepronouns
422	375	resolvepronouns
376	377	precise:reciprocal
375	382	resolvepronouns
369	387	strictheadmatch:5
384	388	resolvepronouns
856	389	strictheadmatch:5
374	390	resolvepronouns
128	391	strictheadmatch:7
384	394	resolvepronouns
375	395	resolvepronouns
392	396	resolvepronouns
367	397	strictheadmatch:5
375	398	resolvepronouns
6	400	stringmatch
84	401	stringmatch
400	403	resolvepronouns
357	404	stringmatch
140	405	stringmatch
6	410	stringmatch
1	411	resolvepronouns
410	412	resolvepronouns
84	413	stringmatch
407	415	resolvepronouns
413	416	resolvepronouns
415	417	resolvepronouns
416	418	resolvepronouns
84	419	stringmatch
3	420	resolvepronouns
64	422	stringmatch
422	424	resolvepronouns
417	425	resolvepronouns
1	426	resolvepronouns
1	429	resolvepronouns
6	430	stringmatch
430	431	precise:predicative
431	432	precise:relpronoun
140	433	stringmatch
6	435	stringmatch
435	440	resolvepronouns
3	442	resolvepronouns
1	445	resolvepronouns
443	446	resolvepronouns
1	447	resolvepronouns
448	449	stringmatch
1	450	resolvepronouns
1	451	resolvepronouns
1	453	resolvepronouns
448	454	stringmatch:relaxed
2384	456	strictheadmatch:7
457	458	strictheadmatch:5
456	461	resolvepronouns
448	462	stringmatch
1	463	resolvepronouns
64	464	stringmatch
3	465	resolvepronouns
194	468	stringmatch
514	469	strictheadmatch:5
469	471	resolvepronouns
469	472	resolvepronouns
470	473	precise:reciprocal
472	474	resolvepronouns
474	475	precise:reflexive
1	476	resolvepronouns
474	477	resolvepronouns
1	480	resolvepronouns
1	483	resolvepronouns
1	484	resolvepronouns
1	493	resolvepronouns
1	495	resolvepronouns
485	497	resolvepronouns
1	499	resolvepronouns
82	500	strictheadmatch:5
497	501	resolvepronouns
1	502	resolvepronouns
501	504	resolvepronouns
1	506	resolvepronouns
504	507	resolvepronouns
194	508	stringmatch
1	509	resolvepronouns
1	513	resolvepronouns
2384	514	strictheadmatch:7
1	515	resolvepronouns
1	517	resolvepronouns
1	519	resolvepronouns
521	520	precise:predicative
133	521	stringmatch
1	523	resolvepronouns
19	525	stringmatch
73	526	strictheadmatch:6
1	527	resolvepronouns
1	529	resolvepronouns
1	531	resolvepronouns
514	532	resolvepronouns
1	533	resolvepronouns
532	534	resolvepronouns
532	535	resolvepronouns
535	536	resolvepronouns
536	537	resolvepronouns
540	541	resolvepronouns
455	542	stringmatch
138	543	stringmatch:relaxed
541	544	resolvepronouns
1	545	resolvepronouns
544	547	resolvepronouns
544	548	resolvepronouns
536	550	resolvepronouns
1	551	resolvepronouns
133	552	stringmatch
511	553	stringmatch
550	555	resolvepronouns
1	556	resolvepronouns
1	558	resolvepronouns
555	560	resolvepronouns
555	562	resolvepronouns
1	563	resolvepronouns
1	565	resolvepronouns
194	566	stringmatch
64	567	stringmatch
562	568	resolvepronouns
458	570	stringmatch
458	574	stringmatch
574	575	resolvepronouns
2384	576	strictheadmatch:7
572	577	stringmatch
3	580	resolvepronouns
3	581	resolvepronouns
3	582	resolvepronouns
64	584	stringmatch
584	588	resolvepronouns
3	589	resolvepronouns
3	590	resolvepronouns
588	592	resolvepronouns
588	593	resolvepronouns
593	595	resolvepronouns
595	596	resolvepronouns
596	597	resolvepronouns
583	598	resolvepronouns
1	599	resolvepronouns
458	600	stringmatch
1	601	resolvepronouns
64	602	stringmatch
602	604	resolvepronouns
604	605	resolvepronouns
606	607	resolvepronouns
199	608	stringmatch:relaxed
482	609	stringmatch
607	610	resolvepronouns
609	611	resolvepronouns
610	612	resolvepronouns
586	613	strictheadmatch:5
612	614	resolvepronouns
611	615	resolvepronouns
615	616	resolvepronouns
612	617	resolvepronouns
616	619	resolvepronouns
378	624	stringmatch
29	627	resolvepronouns
64	629	stringmatch
629	630	resolvepronouns
630	631	resolvepronouns
617	633	resolvepronouns
631	634	resolvepronouns
633	635	resolvepronouns
3	637	resolvepronouns
635	638	resolvepronouns
64	639	stringmatch
3	640	resolvepronouns
2384	641	strictheadmatch:7
638	642	resolvepronouns
64	643	stringmatch
642	644	resolvepronouns
644	645	resolvepronouns
643	646	resolvepronouns
428	647	stringmatch
646	650	resolvepronouns
645	651	resolvepronouns
651	652	resolvepronouns
653	655	resolvepronouns
649	656	stringmatch
650	657	resolvepronouns
657	660	resolvepronouns
657	661	resolvepronouns
661	663	resolvepronouns
662	665	resolvepronouns
657	667	resolvepronouns
667	668	resolvepronouns
652	671	resolvepronouns
668	672	resolvepronouns
671	673	resolvepronouns
672	674	resolvepronouns
281	675	strictheadmatch:7
673	678	resolvepronouns
672	679	resolvepronouns
64	680	stringmatch
680	682	resolvepronouns
680	684	resolvepronouns
3	686	resolvepronouns
687	691	stringmatch
688	692	stringmatch
64	694	stringmatch
693	696	resolvepronouns
371	698	stringmatch
698	699	resolvepronouns
648	700	stringmatch
478	701	stringmatch
19	702	stringmatch
702	704	resolvepronouns
29	705	resolvepronouns
29	706	resolvepronouns
233	708	stringmatch
29	709	resolvepronouns
707	711	resolvepronouns
457	712	strictheadmatch:5
710	713	resolvepronouns
1	715	resolvepronouns
713	716	resolvepronouns
1	717	resolvepronouns
1216	718	strictheadmatch:5
718	719	resolvepronouns
719	720	resolvepronouns
1	721	resolvepronouns
1	722	resolvepronouns
1	723	resolvepronouns
6	724	stringmatch
32	725	stringmatch
716	726	resolvepronouns
1	728	resolvepronouns
64	729	stringmatch
140	730	stringmatch
3	731	resolvepronouns
1	732	resolvepronouns
29	734	resolvepronouns
1764	735	strictheadmatch:5
328	740	stringmatch
64	741	stringmatch
743	744	precise:reciprocal
741	745	resolvepronouns
1	748	resolvepronouns
1	749	resolvepronouns
408	750	strictheadmatch:7
750	757	resolvepronouns
1	759	resolvepronouns
1	769	resolvepronouns
64	770	stringmatch
770	772	resolvepronouns
3	773	resolvepronouns
1	775	resolvepronouns
1	777	resolvepronouns
3	778	resolvepronouns
6	783	stringmatch
32	784	stringmatch
64	785	stringmatch
140	788	stringmatch
788	789	precise:relpronoun
782	790	stringmatch
787	791	stringmatch
3	792	resolvepronouns
790	793	resolvepronouns
3	794	resolvepronouns
795	796	stringmatch
436	799	stringmatch
133	800	stringmatch
133	809	stringmatch:relaxed
808	811	resolvepronouns
478	813	stringmatch
133	814	stringmatch
816	817	resolvepronouns
1847	819	strictheadmatch:5
3	820	resolvepronouns
133	821	stringmatch
795	822	stringmatch
779	823	stringmatch
787	824	stringmatch
795	826	stringmatch
2384	827	strictheadmatch:7
827	830	resolvepronouns
760	831	stringmatch
3	835	resolvepronouns
133	837	stringmatch
3	838	resolvepronouns
1615	841	strictheadmatch:5
64	842	stringmatch
855	843	strictheadmatch:7
842	844	resolvepronouns
3	845	resolvepronouns
787	847	stringmatch
848	849	precise:reciprocal
3	854	resolvepronouns
121	855	strictheadmatch:7
292	856	strictheadmatch:5
64	857	stringmatch
6	858	stringmatch
32	859	stringmatch
848	860	resolvepronouns
585	863	strictheadmatch:7
863	864	precise:relpronoun
308	865	stringmatch
861	867	resolvepronouns
6	868	stringmatch
868	870	resolvepronouns
3	871	resolvepronouns
6	872	stringmatch
853	874	stringmatch
862	876	resolvepronouns
875	878	strictheadmatch:7
6	880	stringmatch
57	882	stringmatch
880	883	resolvepronouns
853	884	stringmatch
140	889	stringmatch
32	890	stringmatch
6	892	stringmatch
436	894	stringmatch:relaxed
2384	895	strictheadmatch:7
895	896	precise:relpronoun
892	898	resolvepronouns
64	899	stringmatch
328	900	stringmatch
899	901	resolvepronouns
19	902	stringmatch
890	903	resolvepronouns
29	904	resolvepronouns
902	905	resolvepronouns
3	906	resolvepronouns
900	908	strictheadmatch:5
3	909	resolvepronouns
64	910	stringmatch:relaxed
905	911	resolvepronouns
911	917	resolvepronouns
917	918	precise:reflexive
917	919	resolvepronouns
919	920	resolvepronouns
19	921	stringmatch:relaxed
19	923	stringmatch
1	924	resolvepronouns
908	925	stringmatch
1	926	resolvepronouns
925	928	resolvepronouns
174	933	stringmatch
140	934	stringmatch
133	935	stringmatch
933	936	strictheadmatch:5
3	937	resolvepronouns
43	938	stringmatch
938	939	precise:relpronoun
160	942	stringmatch
1	944	resolvepronouns
939	947	resolvepronouns
29	948	resolvepronouns
64	950	stringmatch
950	953	resolvepronouns
949	954	resolvepronouns
32	958	stringmatch
64	960	stringmatch
960	961	resolvepronouns
961	962	resolvepronouns
962	964	resolvepronouns
964	965	resolvepronouns
965	966	resolvepronouns
966	968	precise:reflexive
958	969	resolvepronouns
969	971	resolvepronouns
971	972	resolvepronouns
852	973	stringmatch
760	976	stringmatch
976	978	resolvepronouns
956	979	resolvepronouns
976	980	strictheadmatch:7
888	981	strictheadmatch:5
979	982	resolvepronouns
974	983	stringmatch
146	984	stringmatch
982	985	resolvepronouns
985	987	resolvepronouns
986	989	resolvepronouns
990	993	resolvepronouns
72	994	stringmatch:relaxed
987	998	resolvepronouns
996	999	strictheadmatch:7
987	1000	resolvepronouns
963	1001	stringmatch
1000	1003	resolvepronouns
1003	1004	resolvepronouns
204	1005	stringmatch
2486	1006	strictheadmatch:5
1004	1007	resolvepronouns
133	1011	stringmatch
941	1012	strictheadmatch:5
64	1015	stringmatch
1015	1017	resolvepronouns
328	1018	stringmatch
1017	1019	resolvepronouns
1019	1021	resolvepronouns
1	1022	resolvepronouns
32	1023	stringmatch
1	1024	resolvepronouns
1	1025	resolvepronouns
1	1026	resolvepronouns
64	1027	stringmatch
1023	1028	resolvepronouns
1028	1032	resolvepronouns
137	1034	stringmatch
1	1035	resolvepronouns
1031	1037	strictheadmatch:5
1	1038	resolvepronouns
1	1040	resolvepronouns
1	1041	resolvepronouns
1	1043	resolvepronouns
448	1044	stringmatch
1	1045	resolvepronouns
2162	1046	strictheadmatch:7
1	1048	resolvepronouns
1	1050	resolvepronouns
32	1051	stringmatch
1051	1052	precise:reflexive
2385	1053	strictheadmatch:5
1042	1055	resolvepronouns
1055	1059	resolvepronouns
1059	1060	resolvepronouns
64	1062	stringmatch
328	1063	stringmatch
1060	1064	resolvepronouns
64	1065	stringmatch
1064	1066	precise:reflexive
448	1067	stringmatch
908	1068	stringmatch
1064	1069	resolvepronouns
1058	1070	strictheadmatch:5
3	1071	resolvepronouns
32	1072	stringmatch
3	1073	resolvepronouns
3	1074	resolvepronouns
3	1075	resolvepronouns
3	1076	resolvepronouns
1069	1077	resolvepronouns
1077	1078	resolvepronouns
1078	1079	resolvepronouns
3	1080	resolvepronouns
6	1081	stringmatch
1081	1082	resolvepronouns
1082	1084	resolvepronouns
1082	1086	resolvepronouns
133	1087	stringmatch:relaxed
1082	1089	resolvepronouns
133	1090	stringmatch
1082	1092	resolvepronouns
32	1093	stringmatch
1092	1094	resolvepronouns
64	1095	stringmatch
233	1098	stringmatch
1	1099	resolvepronouns
32	1100	stringmatch
1100	1101	resolvepronouns
1101	1102	precise:reflexive
6	1103	stringmatch
3	1104	resolvepronouns
1	1105	resolvepronouns
1096	1106	resolvepronouns
3	1107	resolvepronouns
32	1109	stringmatch
6	1110	stringmatch
3	1111	resolvepronouns
1	1114	resolvepronouns
2384	1115	strictheadmatch:7
133	1116	stringmatch
160	1118	stringmatch
1168	1120	strictheadmatch:5
233	1123	stringmatch
1097	1126	stringmatch
6	1128	stringmatch
1126	1129	resolvepronouns
1057	1130	strictheadmatch:5
3	1131	resolvepronouns
3	1133	resolvepronouns
138	1134	stringmatch
1236	1135	strictheadmatch:7
1134	1136	precise:relpronoun
1056	1137	strictheadmatch:5
1140	1138	resolvepronouns
371	1140	stringmatch
32	1141	stringmatch
32	1142	stringmatch
6	1143	stringmatch
1143	1144	resolvepronouns
1144	1145	resolvepronouns
1144	1146	resolvepronouns
1144	1147	resolvepronouns
1142	1149	resolvepronouns
3	1150	resolvepronouns
1149	1151	resolvepronouns
656	1152	strictheadmatch:5
1151	1153	resolvepronouns
128	1155	strictheadmatch:7
1158	1156	resolvepronouns
1150	1157	resolvepronouns
371	1158	stringmatch
1246	1159	strictheadmatch:7
1159	1160	precise:relpronoun
1157	1162	resolvepronouns
1155	1163	properheadmatch:relaxed
19	1164	stringmatch
371	1165	stringmatch
1161	1166	resolvepronouns
3	1167	resolvepronouns
230	1168	strictheadmatch:5
160	1169	stringmatch
176	1171	stringmatch
126	1172	stringmatch
1	1173	resolvepronouns
1165	1176	resolvepronouns
6	1177	stringmatch
1177	1179	resolvepronouns
1	1180	resolvepronouns
933	1181	strictheadmatch:5
797	1182	stringmatch
1182	1183	precise:relpronoun
1125	1186	stringmatch
160	1190	stringmatch
1189	1191	resolvepronouns
1181	1192	stringmatch
3	1193	resolvepronouns
3	1194	resolvepronouns
1196	1195	resolvepronouns
6	1196	stringmatch
933	1199	strictheadmatch:7
1196	1200	resolvepronouns
19	1201	stringmatch
19	1202	stringmatch
1188	1203	resolvepronouns
1203	1204	resolvepronouns
6	1205	stringmatch
1198	1206	resolvepronouns
1198	1208	resolvepronouns
1204	1209	resolvepronouns
6	1210	stringmatch
19	1211	stringmatch:relaxed
6	1215	stringmatch
2384	1216	strictheadmatch:7
19	1219	stringmatch
1220	1221	resolvepronouns
1219	1222	resolvepronouns
6	1223	stringmatch
1223	1227	resolvepronouns
1227	1228	resolvepronouns
19	1229	stringmatch
1228	1230	resolvepronouns
1213	1231	stringmatch
1214	1232	stringmatch
19	1233	stringmatch
6	1234	stringmatch
1225	1235	resolvepronouns
2384	1236	strictheadmatch:7
6	1237	stringmatch
32	1238	stringmatch
73	1239	stringmatch
1238	1240	resolvepronouns
64	1241	stringmatch
1243	1244	resolvepronouns
1236	1246	strictheadmatch:7
19	1247	stringmatch:relaxed
1246	1249	resolvepronouns
1238	1250	resolvepronouns
818	1251	strictheadmatch:5
3	1252	resolvepronouns
6	1253	stringmatch
994	1254	stringmatch
1185	1255	stringmatch
3	1256	resolvepronouns
3	1259	resolvepronouns
6	1260	stringmatch
2548	1261	strictheadmatch:7
1	1262	resolvepronouns
32	1263	stringmatch
64	1264	stringmatch
1	1265	resolvepronouns
1097	1266	stringmatch:relaxed
1115	1267	strictheadmatch:5
64	1271	stringmatch
345	1273	properheadmatch
1271	1274	resolvepronouns
6	1275	stringmatch
73	1277	stringmatch
1275	1278	resolvepronouns
1275	1281	resolvepronouns
1281	1282	resolvepronouns
1282	1283	precise:reflexive
32	1284	stringmatch
1284	1286	resolvepronouns
1267	1287	resolvepronouns
3	1288	resolvepronouns
1	1290	resolvepronouns
936	1291	stringmatch
936	1292	stringmatch
1291	1293	resolvepronouns
936	1294	stringmatch
797	1295	stringmatch
1518	1296	strictheadmatch:7
3	1297	resolvepronouns
1296	1298	precise:predicative
1296	1299	resolvepronouns
1299	1301	resolvepronouns
1	1302	resolvepronouns
2385	1303	strictheadmatch:5
3	1304	resolvepronouns
3	1306	resolvepronouns
1305	1307	stringmatch
3	1308	resolvepronouns
1280	1309	stringmatch
3	1310	resolvepronouns
452	1315	stringmatch
945	1317	stringmatch
1532	1321	strictheadmatch:5
3	1322	resolvepronouns
1323	1324	resolvepronouns
1168	1326	stringmatch
3	1328	resolvepronouns
1847	1329	strictheadmatch:5
1372	1330	strictheadmatch:7
1168	1332	strictheadmatch:5
1847	1333	strictheadmatch:5
1316	1335	stringmatch:relaxed
436	1336	stringmatch
3	1337	resolvepronouns
3	1338	resolvepronouns
3	1341	resolvepronouns
1324	1342	resolvepronouns
3	1343	resolvepronouns
6	1344	stringmatch
3	1345	resolvepronouns
64	1346	stringmatch
1330	1347	stringmatch
6	1348	stringmatch
3	1349	resolvepronouns
64	1351	stringmatch
1339	1353	stringmatch
3	1354	resolvepronouns
3	1359	resolvepronouns
3	1361	resolvepronouns
3	1362	resolvepronouns
2384	1363	strictheadmatch:7
1363	1364	precise:relpronoun
3	1366	resolvepronouns
1661	1368	strictheadmatch:5
1314	1369	stringmatch
1168	1370	stringmatch
478	1371	stringmatch
1318	1372	stringmatch
1170	1373	stringmatch
3	1374	resolvepronouns
3	1377	resolvepronouns
3	1379	resolvepronouns
3	1382	resolvepronouns
2142	1383	strictheadmatch:5
3	1384	resolvepronouns
1168	1385	stringmatch
2479	1386	strictheadmatch:5
1267	1391	stringmatch
1391	1392	precise:relpronoun
760	1397	stringmatch
3	1399	resolvepronouns
3	1403	resolvepronouns
1405	1406	precise:relpronoun
3	1407	resolvepronouns
3	1409	resolvepronouns
3	1411	resolvepronouns
6	1412	stringmatch:relaxed
1412	1415	resolvepronouns
1280	1416	stringmatch
1330	1418	stringmatch
803	1421	stringmatch:relaxed
2384	1424	strictheadmatch:7
1423	1425	resolvepronouns
1330	1430	stringmatch
64	1431	stringmatch
1330	1433	stringmatch
1432	1434	precise:relpronoun
6	1435	stringmatch
345	1436	stringmatch
3	1438	resolvepronouns
448	1439	stringmatch
397	1440	strictheadmatch:5
448	1441	stringmatch
19	1442	stringmatch
1	1443	resolvepronouns
687	1444	stringmatch:relaxed
1280	1445	stringmatch
3	1446	resolvepronouns
3	1449	resolvepronouns
233	1450	stringmatch
3	1453	resolvepronouns
687	1454	stringmatch:relaxed
1447	1455	stringmatch
3	1456	resolvepronouns
233	1457	stringmatch
1448	1459	stringmatch:relaxed
3	1460	resolvepronouns
233	1461	stringmatch
3	1462	resolvepronouns
2384	1463	strictheadmatch:7
1463	1464	precise:relpronoun
3	1465	resolvepronouns
1	1466	resolvepronouns
133	1467	stringmatch
159	1468	stringmatch
160	1469	stringmatch
3	1476	resolvepronouns
3	1477	resolvepronouns
1365	1478	stringmatch
3	1479	resolvepronouns
3	1481	resolvepronouns
3	1482	resolvepronouns
1480	1483	resolvepronouns
1471	1485	resolvepronouns
1216	1486	strictheadmatch:5
1486	1487	precise:relpronoun
1320	1488	strictheadmatch:5
2403	1490	strictheadmatch:5
1423	1491	stringmatch:relaxed
133	1492	stringmatch
3	1494	resolvepronouns
1440	1495	strictheadmatch:5
3	1496	resolvepronouns
1402	1497	stringmatch:relaxed
1410	1498	strictheadmatch:5
19	1499	stringmatch
3	1501	resolvepronouns
1499	1503	resolvepronouns
1499	1505	resolvepronouns
1532	1506	strictheadmatch:5
1506	1507	precise:relpronoun
133	1509	stringmatch
133	1513	stringmatch
1512	1514	resolvepronouns
478	1515	stringmatch
936	1516	stringmatch
557	1518	strictheadmatch:7
3	1519	resolvepronouns
423	1520	strictheadmatch:5
133	1521	stringmatch:relaxed
3	1523	resolvepronouns
160	1524	stringmatch
1526	1527	stringmatch
3	1528	resolvepronouns
3	1529	resolvepronouns
2384	1530	strictheadmatch:7
1530	1531	precise:relpronoun
801	1532	strictheadmatch:5
3	1534	resolvepronouns
1289	1535	strictheadmatch:5
1495	1539	stringmatch
3	1540	resolvepronouns
3	1541	resolvepronouns
3	1542	resolvepronouns
1539	1543	resolvepronouns
3	1545	resolvepronouns
3	1546	resolvepronouns
19	1547	stringmatch
1376	1548	stringmatch
3	1549	resolvepronouns
1550	1551	precise:predicative
1550	1552	resolvepronouns
3	1554	resolvepronouns
760	1556	stringmatch
3	1559	resolvepronouns
2384	1560	strictheadmatch:7
1560	1561	precise:relpronoun
3	1562	resolvepronouns
1566	1569	resolvepronouns
3	1570	resolvepronouns
1427	1572	stringmatch:relaxed
160	1574	stringmatch
687	1575	stringmatch:relaxed
1703	1577	strictheadmatch:5
1577	1578	precise:relpronoun
1577	1581	resolvepronouns
1577	1584	resolvepronouns
1577	1585	resolvepronouns
1585	1586	resolvepronouns
1586	1587	resolvepronouns
1587	1588	resolvepronouns
1588	1591	resolvepronouns
29	1593	resolvepronouns
1588	1594	resolvepronouns
1580	1596	strictheadmatch:5
1596	1597	stringmatch
1598	1599	stringmatch
1600	1601	stringmatch
1602	1603	stringmatch
1594	1604	resolvepronouns
1604	1606	resolvepronouns
3	1607	resolvepronouns
1604	1609	resolvepronouns
3	1611	resolvepronouns
1609	1613	resolvepronouns
1612	1614	resolvepronouns
795	1615	stringmatch
29	1616	resolvepronouns
782	1618	strictheadmatch:7
1610	1619	stringmatch:relaxed
1666	1622	strictheadmatch:5
1666	1623	strictheadmatch:5
795	1624	stringmatch
3	1625	resolvepronouns
1640	1627	strictheadmatch:5
3	1630	resolvepronouns
2384	1632	strictheadmatch:7
489	1633	stringmatch:relaxed
1891	1634	strictheadmatch:5
3	1635	resolvepronouns
3	1636	resolvepronouns
3	1637	resolvepronouns
1654	1638	strictheadmatch:5
3	1639	resolvepronouns
1612	1640	strictheadmatch:5
1631	1641	stringmatch:relaxed
1632	1642	strictheadmatch:5
1642	1643	precise:relpronoun
482	1645	stringmatch
1645	1646	resolvepronouns
974	1647	stringmatch
795	1648	stringmatch
133	1649	stringmatch
1632	1650	strictheadmatch:5
1646	1652	resolvepronouns
1641	1654	strictheadmatch:5
3	1655	resolvepronouns
1666	1656	strictheadmatch:5
3	1657	resolvepronouns
1280	1658	stringmatch
1367	1659	stringmatch
1368	1660	stringmatch
448	1661	strictheadmatch:5
3	1662	resolvepronouns
1656	1663	strictheadmatch:5
712	1666	strictheadmatch:5
1665	1667	resolvepronouns
1667	1668	resolvepronouns
1668	1670	resolvepronouns
1668	1671	resolvepronouns
1671	1673	resolvepronouns
1674	1676	resolvepronouns
1674	1677	resolvepronouns
1677	1679	resolvepronouns
1592	1681	stringmatch:relaxed
1677	1683	resolvepronouns
2384	1684	strictheadmatch:7
1684	1685	precise:relpronoun
1683	1686	resolvepronouns
1687	1690	resolvepronouns
795	1693	stringmatch
1693	1695	resolvepronouns
1693	1698	resolvepronouns
3	1699	resolvepronouns
1700	1702	resolvepronouns
1622	1703	strictheadmatch:5
32	1704	stringmatch
3	1705	resolvepronouns
1704	1706	resolvepronouns
1706	1710	resolvepronouns
3	1711	resolvepronouns
3	1713	resolvepronouns
1727	1715	precise:predicative
1714	1716	resolvepronouns
1717	1719	resolvepronouns
3	1724	resolvepronouns
3	1725	resolvepronouns
516	1727	stringmatch:relaxed
3	1729	resolvepronouns
3	1730	resolvepronouns
3	1732	resolvepronouns
32	1733	stringmatch
32	1734	stringmatch
1727	1735	resolvepronouns
1734	1738	resolvepronouns
1738	1740	resolvepronouns
1741	1742	resolvepronouns
3	1743	resolvepronouns
3	1744	resolvepronouns
32	1746	stringmatch
498	1749	strictheadmatch:7
146	1751	stringmatch
1600	1754	strictheadmatch:5
1750	1756	resolvepronouns
1748	1757	strictheadmatch:5
3	1759	resolvepronouns
1731	1760	stringmatch:relaxed
3	1762	resolvepronouns
359	1764	strictheadmatch:5
3	1767	resolvepronouns
3	1768	resolvepronouns
3	1769	resolvepronouns
3	1770	resolvepronouns
3	1771	resolvepronouns
1813	1773	strictheadmatch:5
3	1774	resolvepronouns
1847	1775	strictheadmatch:5
689	1776	stringmatch:relaxed
3	1777	resolvepronouns
1757	1778	stringmatch
3	1779	resolvepronouns
3	1780	resolvepronouns
2384	1781	strictheadmatch:7
1781	1782	precise:relpronoun
3	1783	resolvepronouns
1782	1785	resolvepronouns
3	1786	resolvepronouns
3	1787	resolvepronouns
308	1788	stringmatch
3	1789	resolvepronouns
3	1791	resolvepronouns
3	1792	resolvepronouns
308	1793	stringmatch
3	1795	resolvepronouns
1417	1799	stringmatch
1558	1801	stringmatch
1576	1803	stringmatch
3	1804	resolvepronouns
1793	1807	strictheadmatch:5
32	1808	stringmatch
3	1809	resolvepronouns
3	1810	resolvepronouns
3	1812	resolvepronouns
1197	1813	strictheadmatch:5
3	1815	resolvepronouns
3	1816	resolvepronouns
32	1817	stringmatch
1817	1819	resolvepronouns
1817	1820	resolvepronouns
3	1821	resolvepronouns
3	1822	resolvepronouns
1820	1823	resolvepronouns
1818	1824	resolvepronouns
1824	1825	precise:predicative
3	1826	resolvepronouns
750	1827	stringmatch
29	1828	resolvepronouns
1827	1830	resolvepronouns
32	1831	stringmatch
1831	1833	resolvepronouns
3	1834	resolvepronouns
1833	1835	resolvepronouns
1832	1836	stringmatch
1835	1837	resolvepronouns
677	1843	stringmatch:relaxed
3	1844	resolvepronouns
32	1845	stringmatch
3	1846	resolvepronouns
1515	1847	strictheadmatch:5
1872	1849	strictheadmatch:5
1855	1851	strictheadmatch:7
3	1853	resolvepronouns
3	1854	resolvepronouns
1761	1855	strictheadmatch:7
32	1856	stringmatch
1856	1860	resolvepronouns
3	1861	resolvepronouns
1750	1863	strictheadmatch:5
1863	1864	resolvepronouns
32	1865	stringmatch
1818	1866	stringmatch:relaxed
1865	1867	resolvepronouns
1818	1872	strictheadmatch:5
1757	1873	stringmatch
32	1874	stringmatch
1862	1875	strictheadmatch:5
1873	1881	resolvepronouns
1874	1882	resolvepronouns
6	1885	stringmatch
1885	1886	resolvepronouns
1882	1887	resolvepronouns
140	1888	stringmatch
6	1889	stringmatch
1883	1890	resolvepronouns
609	1891	strictheadmatch:5
140	1893	stringmatch
1893	1894	resolvepronouns
1894	1896	resolvepronouns
1894	1898	resolvepronouns
1895	1900	resolvepronouns
180	1904	stringmatch
1900	1905	resolvepronouns
1900	1908	resolvepronouns
622	1909	stringmatch:relaxed
1900	1910	resolvepronouns
1919	1911	strictheadmatch:7
6	1912	stringmatch
1910	1914	resolvepronouns
1914	1918	resolvepronouns
753	1919	strictheadmatch:7
1915	1920	resolvepronouns
1915	1921	stringmatch
2384	1923	strictheadmatch:7
571	1924	stringmatch:relaxed
1924	1925	precise:relpronoun
1921	1926	strictheadmatch:5
1923	1927	resolvepronouns
1927	1928	resolvepronouns
6	1929	stringmatch
1917	1931	resolvepronouns
1929	1932	resolvepronouns
1932	1933	resolvepronouns
1933	1934	resolvepronouns
3	1935	resolvepronouns
1936	1937	precise:relpronoun
1852	1938	strictheadmatch:7
1030	1940	stringmatch:relaxed
1944	1945	precise:reciprocal
108	1946	stringmatch
3	1947	resolvepronouns
1	1948	resolvepronouns
641	1949	strictheadmatch:7
140	1950	stringmatch
32	1951	stringmatch
3	1952	resolvepronouns
3	1953	resolvepronouns
1939	1954	strictheadmatch:5
3	1958	resolvepronouns
32	1959	stringmatch
1959	1960	resolvepronouns
124	1961	stringmatch
3	1962	resolvepronouns
1966	1964	resolvepronouns
371	1966	stringmatch
1965	1967	resolvepronouns
1973	1970	strictheadmatch:7
3	1972	resolvepronouns
609	1973	strictheadmatch:7
795	1975	stringmatch
3	1976	resolvepronouns
1973	1977	stringmatch
277	1978	stringmatch:relaxed
3	1980	resolvepronouns
641	1982	strictheadmatch:7
3	1985	resolvepronouns
308	1986	stringmatch
3	1987	resolvepronouns
64	1991	stringmatch
194	1992	stringmatch
2448	1993	strictheadmatch:5
3	1995	resolvepronouns
3	1996	resolvepronouns
29	1998	resolvepronouns
3	1999	resolvepronouns
641	2000	strictheadmatch:7
194	2002	stringmatch
2001	2003	stringmatch:relaxed
371	2007	stringmatch
1993	2010	stringmatch:relaxed
3	2011	resolvepronouns
2010	2015	resolvepronouns
3	2017	resolvepronouns
586	2018	strictheadmatch:7
2022	2019	resolvepronouns
2018	2021	resolvepronouns
3	2022	resolvepronouns
586	2023	stringmatch
3	2024	resolvepronouns
2020	2025	strictheadmatch:5
3	2026	resolvepronouns
2025	2027	precise:predicative
2025	2028	resolvepronouns
3	2029	resolvepronouns
34	2031	properheadmatch
2030	2032	resolvepronouns
2025	2033	stringmatch
308	2034	stringmatch
3	2035	resolvepronouns
3	2036	resolvepronouns
3	2037	resolvepronouns
2279	2040	strictheadmatch:5
272	2041	stringmatch:relaxed
2046	2047	precise:relpronoun
355	2048	strictheadmatch:7
2045	2051	resolvepronouns
3	2052	resolvepronouns
3	2053	resolvepronouns
3	2055	resolvepronouns
3	2056	resolvepronouns
2279	2060	strictheadmatch:5
277	2061	stringmatch:relaxed
2063	2064	precise:predicative
2064	2065	precise:relpronoun
3	2066	resolvepronouns
19	2068	stringmatch
2068	2069	resolvepronouns
2069	2070	resolvepronouns
3	2071	resolvepronouns
456	2073	strictheadmatch:7
3	2075	resolvepronouns
64	2077	stringmatch
3	2079	resolvepronouns
3	2080	resolvepronouns
2080	2082	resolvepronouns
308	2083	stringmatch
64	2084	stringmatch
2084	2085	resolvepronouns
3	2086	resolvepronouns
3	2087	resolvepronouns
2085	2088	resolvepronouns
2088	2089	resolvepronouns
2001	2092	strictheadmatch:5
2089	2093	resolvepronouns
2093	2094	resolvepronouns
2094	2095	resolvepronouns
2090	2096	resolvepronouns
2080	2097	resolvepronouns
2097	2098	resolvepronouns
2097	2099	resolvepronouns
3	2101	resolvepronouns
3	2102	resolvepronouns
2100	2103	stringmatch
2102	2105	resolvepronouns
2104	2106	resolvepronouns
3	2107	resolvepronouns
3	2109	resolvepronouns
29	2110	resolvepronouns
194	2111	strictheadmatch:5
3	2113	resolvepronouns
3	2114	resolvepronouns
3	2115	resolvepronouns
2115	2116	resolvepronouns
3	2118	resolvepronouns
2095	2119	resolvepronouns
29	2122	resolvepronouns
2119	2123	resolvepronouns
3	2124	resolvepronouns
1997	2125	stringmatch
2123	2126	resolvepronouns
3	2127	resolvepronouns
2244	2129	strictheadmatch:5
2128	2131	resolvepronouns
3	2132	resolvepronouns
2126	2133	resolvepronouns
227	2134	strictheadmatch:5
2134	2135	precise:relpronoun
1311	2136	stringmatch
237	2137	stringmatch:relaxed
2137	2138	precise:relpronoun
29	2139	resolvepronouns
1	2140	resolvepronouns
2140	2141	precise:reciprocal
2258	2142	strictheadmatch:5
2140	2144	resolvepronouns
2133	2145	resolvepronouns
3	2147	resolvepronouns
2145	2149	resolvepronouns
3	2151	resolvepronouns
2108	2153	strictheadmatch:5
3	2154	resolvepronouns
1981	2155	stringmatch
2090	2156	strictheadmatch:5
2048	2157	stringmatch
57	2158	stringmatch
2156	2159	resolvepronouns
2156	2161	resolvepronouns
836	2162	strictheadmatch:7
2162	2163	precise:reciprocal
2156	2165	resolvepronouns
3	2166	resolvepronouns
3	2168	resolvepronouns
2165	2169	resolvepronouns
2169	2170	resolvepronouns
3	2171	resolvepronouns
3	2172	resolvepronouns
3	2174	resolvepronouns
3	2175	resolvepronouns
1	2176	resolvepronouns
32	2177	stringmatch
1002	2178	strictheadmatch:5
2177	2179	resolvepronouns
2182	2181	precise:predicative
1883	2182	stringmatch:relaxed
54	2183	stringmatch
2183	2185	resolvepronouns
2185	2188	resolvepronouns
2188	2189	resolvepronouns
2189	2190	resolvepronouns
1	2191	resolvepronouns
2194	2195	resolvepronouns
2195	2196	resolvepronouns
2184	2198	stringmatch
3	2199	resolvepronouns
2196	2201	resolvepronouns
2200	2202	resolvepronouns
32	2204	stringmatch
2204	2207	resolvepronouns
2384	2208	strictheadmatch:7
2208	2209	precise:relpronoun
29	2210	resolvepronouns
2207	2211	resolvepronouns
2211	2213	resolvepronouns
3	2216	resolvepronouns
2213	2217	resolvepronouns
3	2218	resolvepronouns
2217	2219	resolvepronouns
2219	2221	resolvepronouns
3	2222	resolvepronouns
2018	2223	stringmatch
2224	2225	resolvepronouns
2224	2227	resolvepronouns
2227	2228	resolvepronouns
3	2231	resolvepronouns
1843	2232	stringmatch
3	2233	resolvepronouns
2182	2234	stringmatch
54	2235	stringmatch
31	2237	stringmatch
2237	2238	precise:relpronoun
2230	2239	stringmatch
3	2240	resolvepronouns
32	2241	stringmatch
3	2242	resolvepronouns
1984	2243	stringmatch
2243	2244	strictheadmatch:5
64	2245	stringmatch
345	2247	stringmatch
2247	2249	resolvepronouns
3	2254	resolvepronouns
64	2255	stringmatch
2255	2257	resolvepronouns
997	2258	stringmatch:relaxed
2255	2259	resolvepronouns
73	2260	stringmatch
2255	2261	resolvepronouns
1776	2262	stringmatch
2255	2263	resolvepronouns
3	2264	resolvepronouns
2263	2267	resolvepronouns
2266	2268	resolvepronouns
2266	2270	resolvepronouns
2269	2271	resolvepronouns
2271	2274	resolvepronouns
2273	2275	resolvepronouns
2252	2277	resolvepronouns
2275	2278	resolvepronouns
307	2279	strictheadmatch:5
1721	2284	stringmatch
2252	2288	stringmatch:relaxed
2288	2291	resolvepronouns
2290	2292	stringmatch
64	2293	stringmatch
2293	2295	resolvepronouns
2384	2296	strictheadmatch:7
2296	2297	precise:relpronoun
2295	2298	resolvepronouns
2295	2299	resolvepronouns
345	2300	stringmatch
2299	2301	resolvepronouns
64	2302	stringmatch
2301	2303	resolvepronouns
1843	2304	stringmatch
1626	2305	strictheadmatch:7
1268	2306	strictheadmatch:7
64	2307	stringmatch
2300	2308	resolvepronouns
2308	2311	resolvepronouns
2311	2312	resolvepronouns
2312	2314	resolvepronouns
2312	2315	resolvepronouns
2316	2317	strictheadmatch:5
2315	2318	resolvepronouns
1758	2320	stringmatch
2318	2322	resolvepronouns
2318	2323	resolvepronouns
2323	2324	resolvepronouns
2323	2325	resolvepronouns
2325	2326	resolvepronouns
1226	2327	strictheadmatch:5
3	2328	resolvepronouns
2326	2329	resolvepronouns
2329	2330	resolvepronouns
2018	2335	stringmatch
2330	2337	resolvepronouns
140	2340	stringmatch
1899	2341	stringmatch
2230	2342	stringmatch
3	2343	resolvepronouns
2340	2344	resolvepronouns
2346	2347	resolvepronouns
2345	2351	resolvepronouns
32	2352	stringmatch
2352	2357	resolvepronouns
2346	2358	stringmatch
2357	2359	resolvepronouns
2359	2360	resolvepronouns
2360	2361	resolvepronouns
1895	2362	stringmatch
2361	2363	resolvepronouns
2361	2365	resolvepronouns
2361	2366	resolvepronouns
2366	2367	resolvepronouns
2364	2369	resolvepronouns
2369	2372	resolvepronouns
140	2373	stringmatch
1895	2375	stringmatch
2374	2376	resolvepronouns
2375	2378	resolvepronouns
2377	2381	resolvepronouns
6	2382	stringmatch
6	2383	stringmatch
128	2384	strictheadmatch:7
516	2385	strictheadmatch:5
2385	2386	precise:relpronoun
29	2387	resolvepronouns
2386	2388	resolvepronouns
2383	2389	resolvepronouns
3	2392	resolvepronouns
2375	2393	resolvepronouns
3	2394	resolvepronouns
2393	2395	resolvepronouns
1414	2396	stringmatch
2395	2397	resolvepronouns
1280	2398	stringmatch
1417	2400	stringmatch
1330	2401	stringmatch
1419	2402	stringmatch
1420	2403	stringmatch
803	2404	stringmatch:relaxed
1280	2405	stringmatch
1423	2406	stringmatch
1424	2407	stringmatch
2406	2408	resolvepronouns
1426	2409	stringmatch:relaxed
1429	2410	stringmatch:relaxed
1428	2411	stringmatch
2411	2413	resolvepronouns
2414	2416	resolvepronouns
2413	2418	resolvepronouns
2418	2421	resolvepronouns
3	2422	resolvepronouns
2421	2423	resolvepronouns
2423	2424	resolvepronouns
2552	2425	strictheadmatch:5
2424	2426	resolvepronouns
2208	2428	strictheadmatch:5
2424	2429	resolvepronouns
178	2430	stringmatch
2429	2431	resolvepronouns
180	2432	stringmatch
2429	2433	resolvepronouns
2428	2434	resolvepronouns
2434	2435	resolvepronouns
2435	2436	resolvepronouns
29	2437	resolvepronouns
3	2438	resolvepronouns
2429	2439	resolvepronouns
1558	2440	stringmatch:relaxed
2439	2443	resolvepronouns
137	2448	strictheadmatch:5
2479	2450	strictheadmatch:5
2451	2452	resolvepronouns
815	2454	stringmatch:relaxed
6	2457	stringmatch
981	2458	stringmatch
2451	2459	stringmatch
478	2460	stringmatch
1	2462	resolvepronouns
1008	2463	stringmatch
1	2466	resolvepronouns
3	2467	resolvepronouns
2464	2468	resolvepronouns
2469	2470	precise:relpronoun
2142	2473	stringmatch
1814	2474	strictheadmatch:7
1	2475	resolvepronouns
2451	2476	stringmatch
133	2477	stringmatch
2480	2478	resolvepronouns
1090	2479	strictheadmatch:5
371	2480	stringmatch
133	2481	stringmatch
2480	2482	resolvepronouns
1	2483	resolvepronouns
2482	2484	resolvepronouns
2484	2485	resolvepronouns
974	2486	stringmatch:relaxed
1313	2487	stringmatch
2485	2488	resolvepronouns
2428	2489	stringmatch
1313	2493	stringmatch
2492	2494	precise:predicative
2488	2496	resolvepronouns
3	2497	resolvepronouns
371	2498	stringmatch
2497	2499	resolvepronouns
2499	2500	resolvepronouns
2497	2501	resolvepronouns
2479	2502	stringmatch:relaxed
2498	2503	resolvepronouns
2503	2505	resolvepronouns
2279	2506	stringmatch
2504	2507	precise:reciprocal
2476	2508	resolvepronouns
3	2509	resolvepronouns
2508	2510	resolvepronouns
2510	2511	precise:reflexive
371	2512	stringmatch
2525	2513	resolvepronouns
2510	2515	resolvepronouns
2515	2516	resolvepronouns
2513	2517	resolvepronouns
6	2518	stringmatch
2519	2520	resolvepronouns
2525	2521	resolvepronouns
2519	2523	resolvepronouns
3	2525	resolvepronouns
2518	2526	resolvepronouns
2524	2527	stringmatch
371	2528	stringmatch
2524	2529	stringmatch
1248	2531	stringmatch
2526	2532	resolvepronouns
2524	2533	stringmatch
2561	2534	strictheadmatch:5
2532	2535	resolvepronouns
6	2536	stringmatch
3	2537	resolvepronouns
750	2538	stringmatch:relaxed
2538	2542	resolvepronouns
1	2543	resolvepronouns
3	2544	resolvepronouns
2546	2547	resolvepronouns
408	2548	strictheadmatch:7
146	2549	stringmatch
3	2550	resolvepronouns
6	2551	stringmatch
1178	2552	strictheadmatch:5
2551	2553	resolvepronouns
2553	2555	resolvepronouns
891	2556	stringmatch
2555	2558	resolvepronouns
1	2559	resolvepronouns
2529	2561	strictheadmatch:5
2558	2562	resolvepronouns
891	2563	stringmatch
2562	2564	resolvepronouns
2564	2566	resolvepronouns
3	2567	resolvepronouns
2377	2568	stringmatch:relaxed
2564	2569	resolvepronouns
32	2570	stringmatch
2570	2571	resolvepronouns
1	2572	resolvepronouns
2571	2573	resolvepronouns
2479	2574	stringmatch
2574	2576	precise:relpronoun
2573	2578	resolvepronouns
2583	2579	resolvepronouns
2580	2581	resolvepronouns
2581	2582	precise:reciprocal
2571	2583	resolvepronouns
2583	2584	resolvepronouns
186	2585	stringmatch:relaxed
2584	2587	resolvepronouns
2587	2588	resolvepronouns
436	2589	stringmatch
975	2590	stringmatch
133	2591	stringmatch
2130	2592	stringmatch
2588	2593	resolvepronouns
2588	2595	resolvepronouns
2592	2596	resolvepronouns
2595	2597	resolvepronouns
2596	2598	resolvepronouns
2595	2599	resolvepronouns
2599	2601	resolvepronouns
2604	2605	resolvepronouns
2605	2607	resolvepronouns
2608	2610	resolvepronouns
2609	2612	resolvepronouns
19	2613	stringmatch:relaxed
457	2614	stringmatch
2614	2615	precise:relpronoun
138	2616	stringmatch
2613	2617	resolvepronouns
1042	2618	stringmatch
2613	2621	resolvepronouns
2621	2623	resolvepronouns
448	2624	stringmatch
2619	2626	resolvepronouns
2621	2627	resolvepronouns
444	2628	stringmatch:relaxed
2629	2630	resolvepronouns
2639	2631	resolvepronouns
2631	2633	resolvepronouns
2629	2634	resolvepronouns
2629	2636	resolvepronouns
2631	2637	resolvepronouns
469	2638	stringmatch
2640	2639	precise:predicative
19	2640	stringmatch
2635	2642	resolvepronouns
2635	2643	resolvepronouns
